program_name,episode_no,episode_type,guests
Rebuild.fm,1,regular,"[""伊藤 直也""]"
Rebuild.fm,2,regular,"[""江島 健太郎""]"
Rebuild.fm,3,regular,"[""古橋 貞之"",""Kiyoto Tamura""]"
Rebuild.fm,4,regular,"[""高林 哲""]"
Rebuild.fm,5,regular,"[""まつもと ゆきひろ""]"
Rebuild.fm,6,regular,"[""伊藤 直也""]"
Rebuild.fm,7,regular,"[""和田 裕介""]"
Rebuild.fm,8,regular,"[""伊藤 直也"",""高林 哲""]"
Rebuild.fm,10,regular,"[""Kenta Murata"",""Ryo Nakamura""]"
Rebuild.fm,98,regular,"[""伊藤 直也""]"
Rebuild.fm,98,aftershow,"[""伊藤 直也""]"
Rebuild.fm,110,regular,"[""Naoki Hiroshima""]"
Rebuild.fm,110,aftershow,"[""Naoki Hiroshima""]"
Rebuild.fm,111,regular,"[""伊藤 直也""]"
Rebuild.fm,111,aftershow,"[""伊藤 直也""]"
Rebuild.fm,112,regular,"[""Hakuro Matsuda""]"
Rebuild.fm,112,aftershow,"[""Hakuro Matsuda""]"
Rebuild.fm,113,regular,"[""Naoki Hiroshima""]"
Rebuild.fm,113,aftershow,"[""Naoki Hiroshima""]"
Rebuild.fm,114,regular,"[""上杉 周作""]"
Rebuild.fm,114,aftershow,"[""上杉 周作""]"
Rebuild.fm,131,regular,"[""Naoki Hiroshima""]"
Rebuild.fm,131,aftershow,"[""Naoki Hiroshima""]"
Rebuild.fm,132,regular,"[""Taro Minowa""]"
Rebuild.fm,132,aftershow,"[""Taro Minowa""]"
Rebuild.fm,133,regular,"[""Goro Fuji""]"
Rebuild.fm,133,aftershow,"[""Goro Fuji""]"
Rebuild.fm,135,regular,"[""Kazuho Okui "",""Hakuro Matsuda""]"
Rebuild.fm,135,aftershow,"[""Kazuho Okui "",""Hakuro Matsuda""]"
Rebuild.fm,137,regular,"[""伊藤 直也""]"